{"cameraMode":{"drawMode":0,"name":"Shaded","section":"Shading Mode"},"sceneLighting":true,"audioPlay":false,"sceneViewState":{"m_AlwaysRefresh":false,"showFog":true,"showSkybox":true,"showFlares":true,"showImageEffects":true,"showParticleSystems":true,"showVisualEffectGraphs":true,"m_FxEnabled":true},"in2DMode":false,"pivot":{"x":-5.546346664428711,"y":10.035571098327637,"z":-10.49929141998291},"rotation":{"x":0.44451984763145449,"y":-0.021936722099781038,"z":0.010492752306163311,"w":0.8953587412834168},"size":7.497873306274414,"orthographic":false}